{
    "$schema": "https://schema.management.azure.com/schemas/2015-01-01/deploymentParameters.json#",
    "contentVersion": "1.0.0.0",
    "parameters": {
        "storageAccounts_absteam5_name": {
            "value": null
        },
        "workspaces_bosch_data1_name": {
            "value": null
        },
        "workspaces_bosch_data2_name": {
            "value": null
        },
        "workspaces_bosch_data3_name": {
            "value": null
        },
        "workspaces_bosch_data4_name": {
            "value": null
        },
        "workspaces_bosch_data5_name": {
            "value": null
        },
        "workspaces_bosch_data6_name": {
            "value": null
        },
        "storageAccounts_adlsteam2_name": {
            "value": null
        },
        "storageAccounts_adlsteam3_name": {
            "value": null
        },
        "storageAccounts_adlsteam4_name": {
            "value": null
        },
        "storageAccounts_adlsteam5_name": {
            "value": null
        },
        "storageAccounts_adlsteam6_name": {
            "value": null
        },
        "storageAccounts_abssyndicate_name": {
            "value": null
        },
        "storageAccounts_adlssyndicate_name": {
            "value": null
        },
        "accessConnectors_alds_databricks_connector_syndicate_name": {
            "value": null
        },
        "systemTopics_adlsteam4_8f3a44cb_2e47_44d2_a114_61b950d455f8_name": {
            "value": null
        },
        "systemTopics_adlsteam5_fe470dd9_7427_4839_8414_3d3e32d45b57_name": {
            "value": null
        }
    }
}