{
    "$schema": "https://schema.management.azure.com/schemas/2019-04-01/deploymentTemplate.json#",
    "contentVersion": "1.0.0.0",
    "parameters": {
        "storageAccounts_absteam5_name": {
            "defaultValue": "absteam5",
            "type": "String"
        },
        "workspaces_bosch_data1_name": {
            "defaultValue": "bosch_data1",
            "type": "String"
        },
        "workspaces_bosch_data2_name": {
            "defaultValue": "bosch_data2",
            "type": "String"
        },
        "workspaces_bosch_data3_name": {
            "defaultValue": "bosch_data3",
            "type": "String"
        },
        "workspaces_bosch_data4_name": {
            "defaultValue": "bosch_data4",
            "type": "String"
        },
        "workspaces_bosch_data5_name": {
            "defaultValue": "bosch_data5",
            "type": "String"
        },
        "workspaces_bosch_data6_name": {
            "defaultValue": "bosch_data6",
            "type": "String"
        },
        "storageAccounts_adlsteam2_name": {
            "defaultValue": "adlsteam2",
            "type": "String"
        },
        "storageAccounts_adlsteam3_name": {
            "defaultValue": "adlsteam3",
            "type": "String"
        },
        "storageAccounts_adlsteam4_name": {
            "defaultValue": "adlsteam4",
            "type": "String"
        },
        "storageAccounts_adlsteam5_name": {
            "defaultValue": "adlsteam5",
            "type": "String"
        },
        "storageAccounts_adlsteam6_name": {
            "defaultValue": "adlsteam6",
            "type": "String"
        },
        "storageAccounts_abssyndicate_name": {
            "defaultValue": "abssyndicate",
            "type": "String"
        },
        "storageAccounts_adlssyndicate_name": {
            "defaultValue": "adlssyndicate",
            "type": "String"
        },
        "accessConnectors_alds_databricks_connector_syndicate_name": {
            "defaultValue": "alds-databricks-connector-syndicate",
            "type": "String"
        },
        "systemTopics_adlsteam4_8f3a44cb_2e47_44d2_a114_61b950d455f8_name": {
            "defaultValue": "adlsteam4-8f3a44cb-2e47-44d2-a114-61b950d455f8",
            "type": "String"
        },
        "systemTopics_adlsteam5_fe470dd9_7427_4839_8414_3d3e32d45b57_name": {
            "defaultValue": "adlsteam5-fe470dd9-7427-4839-8414-3d3e32d45b57",
            "type": "String"
        }
    },
    "variables": {},
    "resources": [
        {
            "type": "Microsoft.Databricks/accessConnectors",
            "apiVersion": "2025-03-01-preview",
            "name": "[parameters('accessConnectors_alds_databricks_connector_syndicate_name')]",
            "location": "southindia",
            "identity": {
                "type": "SystemAssigned"
            },
            "properties": {}
        },
        {
            "type": "Microsoft.Databricks/workspaces",
            "apiVersion": "2025-03-01-preview",
            "name": "[parameters('workspaces_bosch_data1_name')]",
            "location": "centralus",
            "sku": {
                "name": "trial"
            },
            "properties": {
                "defaultCatalog": {
                    "initialType": "UnityCatalog"
                },
                "managedResourceGroupId": "[concat('/subscriptions/d008c7cc-9795-4292-bf79-74ae52cda63d/resourceGroups/databricks-rg-', parameters('workspaces_bosch_data1_name'), '-63h3oljdynzww')]",
                "parameters": {
                    "enableNoPublicIp": {
                        "value": true
                    },
                    "prepareEncryption": {
                        "value": false
                    },
                    "requireInfrastructureEncryption": {
                        "value": false
                    },
                    "storageAccountName": {
                        "value": "dbstorageejn74b6hb56yw"
                    },
                    "storageAccountSkuName": {
                        "value": "Standard_GRS"
                    }
                },
                "authorizations": [
                    {
                        "principalId": "9a74af6f-d153-4348-988a-e2672920bee9",
                        "roleDefinitionId": "8e3af657-a8ff-443c-a75c-2fe8c4bcb635"
                    }
                ],
                "createdBy": {},
                "updatedBy": {}
            }
        },
        {
            "type": "Microsoft.Databricks/workspaces",
            "apiVersion": "2025-03-01-preview",
            "name": "[parameters('workspaces_bosch_data2_name')]",
            "location": "westus2",
            "sku": {
                "name": "trial"
            },
            "properties": {
                "defaultCatalog": {
                    "initialType": "UnityCatalog"
                },
                "managedResourceGroupId": "[concat('/subscriptions/d008c7cc-9795-4292-bf79-74ae52cda63d/resourceGroups/databricks-rg-', parameters('workspaces_bosch_data2_name'), '-su7jbhsfh6wuq')]",
                "parameters": {
                    "enableNoPublicIp": {
                        "value": true
                    },
                    "prepareEncryption": {
                        "value": false
                    },
                    "requireInfrastructureEncryption": {
                        "value": false
                    },
                    "storageAccountName": {
                        "value": "dbstoragertxzraae6eg2q"
                    },
                    "storageAccountSkuName": {
                        "value": "Standard_GRS"
                    }
                },
                "authorizations": [
                    {
                        "principalId": "9a74af6f-d153-4348-988a-e2672920bee9",
                        "roleDefinitionId": "8e3af657-a8ff-443c-a75c-2fe8c4bcb635"
                    }
                ],
                "createdBy": {},
                "updatedBy": {}
            }
        },
        {
            "type": "Microsoft.Databricks/workspaces",
            "apiVersion": "2025-03-01-preview",
            "name": "[parameters('workspaces_bosch_data3_name')]",
            "location": "centralindia",
            "sku": {
                "name": "trial"
            },
            "properties": {
                "defaultCatalog": {
                    "initialType": "UnityCatalog"
                },
                "managedResourceGroupId": "[concat('/subscriptions/d008c7cc-9795-4292-bf79-74ae52cda63d/resourceGroups/databricks-rg-', parameters('workspaces_bosch_data3_name'), '-va7iff34pnq2y')]",
                "parameters": {
                    "enableNoPublicIp": {
                        "value": true
                    },
                    "prepareEncryption": {
                        "value": false
                    },
                    "requireInfrastructureEncryption": {
                        "value": false
                    },
                    "storageAccountName": {
                        "value": "dbstorage4mb7n7aj62gby"
                    },
                    "storageAccountSkuName": {
                        "value": "Standard_GRS"
                    }
                },
                "authorizations": [
                    {
                        "principalId": "9a74af6f-d153-4348-988a-e2672920bee9",
                        "roleDefinitionId": "8e3af657-a8ff-443c-a75c-2fe8c4bcb635"
                    }
                ],
                "createdBy": {},
                "updatedBy": {}
            }
        },
        {
            "type": "Microsoft.Databricks/workspaces",
            "apiVersion": "2025-03-01-preview",
            "name": "[parameters('workspaces_bosch_data4_name')]",
            "location": "southeastasia",
            "sku": {
                "name": "trial"
            },
            "properties": {
                "defaultCatalog": {
                    "initialType": "UnityCatalog"
                },
                "managedResourceGroupId": "[concat('/subscriptions/d008c7cc-9795-4292-bf79-74ae52cda63d/resourceGroups/databricks-rg-', parameters('workspaces_bosch_data4_name'), '-ffyyb52krrwoe')]",
                "parameters": {
                    "enableNoPublicIp": {
                        "value": true
                    },
                    "prepareEncryption": {
                        "value": false
                    },
                    "requireInfrastructureEncryption": {
                        "value": false
                    },
                    "storageAccountName": {
                        "value": "dbstorageodh3nj72jnvic"
                    },
                    "storageAccountSkuName": {
                        "value": "Standard_GRS"
                    }
                },
                "authorizations": [
                    {
                        "principalId": "9a74af6f-d153-4348-988a-e2672920bee9",
                        "roleDefinitionId": "8e3af657-a8ff-443c-a75c-2fe8c4bcb635"
                    }
                ],
                "createdBy": {},
                "updatedBy": {}
            }
        },
        {
            "type": "Microsoft.Databricks/workspaces",
            "apiVersion": "2025-03-01-preview",
            "name": "[parameters('workspaces_bosch_data5_name')]",
            "location": "eastus",
            "sku": {
                "name": "trial"
            },
            "properties": {
                "defaultCatalog": {
                    "initialType": "UnityCatalog"
                },
                "managedResourceGroupId": "[concat('/subscriptions/d008c7cc-9795-4292-bf79-74ae52cda63d/resourceGroups/databricks-rg-', parameters('workspaces_bosch_data5_name'), '-2772vf6ox6zfe')]",
                "parameters": {
                    "enableNoPublicIp": {
                        "value": true
                    },
                    "prepareEncryption": {
                        "value": false
                    },
                    "requireInfrastructureEncryption": {
                        "value": false
                    },
                    "storageAccountName": {
                        "value": "dbstorage5j5ygzgsbhbna"
                    },
                    "storageAccountSkuName": {
                        "value": "Standard_GRS"
                    }
                },
                "authorizations": [
                    {
                        "principalId": "9a74af6f-d153-4348-988a-e2672920bee9",
                        "roleDefinitionId": "8e3af657-a8ff-443c-a75c-2fe8c4bcb635"
                    }
                ],
                "createdBy": {},
                "updatedBy": {}
            }
        },
        {
            "type": "Microsoft.Databricks/workspaces",
            "apiVersion": "2025-03-01-preview",
            "name": "[parameters('workspaces_bosch_data6_name')]",
            "location": "southindia",
            "sku": {
                "name": "trial"
            },
            "properties": {
                "defaultCatalog": {
                    "initialType": "UnityCatalog"
                },
                "managedResourceGroupId": "[concat('/subscriptions/d008c7cc-9795-4292-bf79-74ae52cda63d/resourceGroups/databricks-rg-', parameters('workspaces_bosch_data6_name'), '-focurroqeyuo6')]",
                "parameters": {
                    "enableNoPublicIp": {
                        "value": true
                    },
                    "prepareEncryption": {
                        "value": false
                    },
                    "requireInfrastructureEncryption": {
                        "value": false
                    },
                    "storageAccountName": {
                        "value": "dbstoragerni7p265shtwu"
                    },
                    "storageAccountSkuName": {
                        "value": "Standard_GRS"
                    }
                },
                "authorizations": [
                    {
                        "principalId": "9a74af6f-d153-4348-988a-e2672920bee9",
                        "roleDefinitionId": "8e3af657-a8ff-443c-a75c-2fe8c4bcb635"
                    }
                ],
                "createdBy": {},
                "updatedBy": {}
            }
        },
        {
            "type": "Microsoft.Storage/storageAccounts",
            "apiVersion": "2025-01-01",
            "name": "[parameters('storageAccounts_abssyndicate_name')]",
            "location": "southindia",
            "sku": {
                "name": "Standard_LRS",
                "tier": "Standard"
            },
            "kind": "StorageV2",
            "properties": {
                "dnsEndpointType": "Standard",
                "defaultToOAuthAuthentication": false,
                "publicNetworkAccess": "Enabled",
                "allowCrossTenantReplication": false,
                "minimumTlsVersion": "TLS1_2",
                "allowBlobPublicAccess": false,
                "allowSharedKeyAccess": true,
                "largeFileSharesState": "Enabled",
                "networkAcls": {
                    "bypass": "AzureServices",
                    "virtualNetworkRules": [],
                    "ipRules": [],
                    "defaultAction": "Allow"
                },
                "supportsHttpsTrafficOnly": true,
                "encryption": {
                    "requireInfrastructureEncryption": false,
                    "services": {
                        "file": {
                            "keyType": "Account",
                            "enabled": true
                        },
                        "blob": {
                            "keyType": "Account",
                            "enabled": true
                        }
                    },
                    "keySource": "Microsoft.Storage"
                },
                "accessTier": "Hot"
            }
        },
        {
            "type": "Microsoft.Storage/storageAccounts",
            "apiVersion": "2025-01-01",
            "name": "[parameters('storageAccounts_absteam5_name')]",
            "location": "eastus",
            "tags": {
                "Owner": "Team5"
            },
            "sku": {
                "name": "Standard_LRS",
                "tier": "Standard"
            },
            "kind": "StorageV2",
            "properties": {
                "dnsEndpointType": "Standard",
                "defaultToOAuthAuthentication": false,
                "publicNetworkAccess": "Enabled",
                "allowCrossTenantReplication": false,
                "minimumTlsVersion": "TLS1_2",
                "allowBlobPublicAccess": false,
                "allowSharedKeyAccess": true,
                "largeFileSharesState": "Enabled",
                "networkAcls": {
                    "bypass": "AzureServices",
                    "virtualNetworkRules": [],
                    "ipRules": [],
                    "defaultAction": "Allow"
                },
                "supportsHttpsTrafficOnly": true,
                "encryption": {
                    "requireInfrastructureEncryption": false,
                    "services": {
                        "file": {
                            "keyType": "Account",
                            "enabled": true
                        },
                        "blob": {
                            "keyType": "Account",
                            "enabled": true
                        }
                    },
                    "keySource": "Microsoft.Storage"
                },
                "accessTier": "Hot"
            }
        },
        {
            "type": "Microsoft.Storage/storageAccounts",
            "apiVersion": "2025-01-01",
            "name": "[parameters('storageAccounts_adlssyndicate_name')]",
            "location": "southindia",
            "sku": {
                "name": "Standard_LRS",
                "tier": "Standard"
            },
            "kind": "StorageV2",
            "properties": {
                "dnsEndpointType": "Standard",
                "defaultToOAuthAuthentication": false,
                "publicNetworkAccess": "Enabled",
                "allowCrossTenantReplication": false,
                "isSftpEnabled": false,
                "minimumTlsVersion": "TLS1_2",
                "allowBlobPublicAccess": false,
                "allowSharedKeyAccess": true,
                "largeFileSharesState": "Enabled",
                "isHnsEnabled": true,
                "networkAcls": {
                    "bypass": "AzureServices",
                    "virtualNetworkRules": [],
                    "ipRules": [],
                    "defaultAction": "Allow"
                },
                "supportsHttpsTrafficOnly": true,
                "encryption": {
                    "requireInfrastructureEncryption": false,
                    "services": {
                        "file": {
                            "keyType": "Account",
                            "enabled": true
                        },
                        "blob": {
                            "keyType": "Account",
                            "enabled": true
                        }
                    },
                    "keySource": "Microsoft.Storage"
                },
                "accessTier": "Hot"
            }
        },
        {
            "type": "Microsoft.Storage/storageAccounts",
            "apiVersion": "2025-01-01",
            "name": "[parameters('storageAccounts_adlsteam2_name')]",
            "location": "eastus",
            "sku": {
                "name": "Standard_LRS",
                "tier": "Standard"
            },
            "kind": "StorageV2",
            "properties": {
                "dnsEndpointType": "Standard",
                "defaultToOAuthAuthentication": false,
                "publicNetworkAccess": "Enabled",
                "allowCrossTenantReplication": false,
                "minimumTlsVersion": "TLS1_2",
                "allowBlobPublicAccess": false,
                "allowSharedKeyAccess": true,
                "largeFileSharesState": "Enabled",
                "networkAcls": {
                    "bypass": "AzureServices",
                    "virtualNetworkRules": [],
                    "ipRules": [],
                    "defaultAction": "Allow"
                },
                "supportsHttpsTrafficOnly": true,
                "encryption": {
                    "requireInfrastructureEncryption": false,
                    "services": {
                        "file": {
                            "keyType": "Account",
                            "enabled": true
                        },
                        "blob": {
                            "keyType": "Account",
                            "enabled": true
                        }
                    },
                    "keySource": "Microsoft.Storage"
                },
                "accessTier": "Hot"
            }
        },
        {
            "type": "Microsoft.Storage/storageAccounts",
            "apiVersion": "2025-01-01",
            "name": "[parameters('storageAccounts_adlsteam3_name')]",
            "location": "eastus",
            "tags": {
                "Project": "Bosch_training",
                "Owner": "Team3"
            },
            "sku": {
                "name": "Standard_LRS",
                "tier": "Standard"
            },
            "kind": "StorageV2",
            "properties": {
                "dnsEndpointType": "Standard",
                "defaultToOAuthAuthentication": false,
                "publicNetworkAccess": "Enabled",
                "allowCrossTenantReplication": false,
                "isSftpEnabled": false,
                "minimumTlsVersion": "TLS1_2",
                "allowBlobPublicAccess": false,
                "allowSharedKeyAccess": true,
                "largeFileSharesState": "Enabled",
                "isHnsEnabled": true,
                "networkAcls": {
                    "bypass": "AzureServices",
                    "virtualNetworkRules": [],
                    "ipRules": [],
                    "defaultAction": "Allow"
                },
                "supportsHttpsTrafficOnly": true,
                "encryption": {
                    "requireInfrastructureEncryption": false,
                    "services": {
                        "file": {
                            "keyType": "Account",
                            "enabled": true
                        },
                        "blob": {
                            "keyType": "Account",
                            "enabled": true
                        }
                    },
                    "keySource": "Microsoft.Storage"
                },
                "accessTier": "Hot"
            }
        },
        {
            "type": "Microsoft.Storage/storageAccounts",
            "apiVersion": "2025-01-01",
            "name": "[parameters('storageAccounts_adlsteam4_name')]",
            "location": "eastus",
            "tags": {
                "Project": "Bosch_training",
                "Owner": "Team4"
            },
            "sku": {
                "name": "Standard_LRS",
                "tier": "Standard"
            },
            "kind": "StorageV2",
            "properties": {
                "dnsEndpointType": "Standard",
                "defaultToOAuthAuthentication": false,
                "publicNetworkAccess": "Enabled",
                "allowCrossTenantReplication": false,
                "isSftpEnabled": false,
                "minimumTlsVersion": "TLS1_2",
                "allowBlobPublicAccess": false,
                "allowSharedKeyAccess": true,
                "largeFileSharesState": "Enabled",
                "isHnsEnabled": true,
                "networkAcls": {
                    "bypass": "AzureServices",
                    "virtualNetworkRules": [],
                    "ipRules": [],
                    "defaultAction": "Allow"
                },
                "supportsHttpsTrafficOnly": true,
                "encryption": {
                    "requireInfrastructureEncryption": false,
                    "services": {
                        "file": {
                            "keyType": "Account",
                            "enabled": true
                        },
                        "blob": {
                            "keyType": "Account",
                            "enabled": true
                        }
                    },
                    "keySource": "Microsoft.Storage"
                },
                "accessTier": "Hot"
            }
        },
        {
            "type": "Microsoft.Storage/storageAccounts",
            "apiVersion": "2025-01-01",
            "name": "[parameters('storageAccounts_adlsteam5_name')]",
            "location": "southindia",
            "tags": {
                "Project": "Bosch_training",
                "Owner": "Bharath"
            },
            "sku": {
                "name": "Standard_LRS",
                "tier": "Standard"
            },
            "kind": "StorageV2",
            "properties": {
                "dnsEndpointType": "Standard",
                "defaultToOAuthAuthentication": false,
                "publicNetworkAccess": "Enabled",
                "allowCrossTenantReplication": false,
                "isSftpEnabled": false,
                "minimumTlsVersion": "TLS1_2",
                "allowBlobPublicAccess": false,
                "allowSharedKeyAccess": true,
                "largeFileSharesState": "Enabled",
                "isHnsEnabled": true,
                "networkAcls": {
                    "bypass": "AzureServices",
                    "virtualNetworkRules": [],
                    "ipRules": [],
                    "defaultAction": "Allow"
                },
                "supportsHttpsTrafficOnly": true,
                "encryption": {
                    "requireInfrastructureEncryption": false,
                    "services": {
                        "file": {
                            "keyType": "Account",
                            "enabled": true
                        },
                        "blob": {
                            "keyType": "Account",
                            "enabled": true
                        }
                    },
                    "keySource": "Microsoft.Storage"
                },
                "accessTier": "Hot"
            }
        },
        {
            "type": "Microsoft.Storage/storageAccounts",
            "apiVersion": "2025-01-01",
            "name": "[parameters('storageAccounts_adlsteam6_name')]",
            "location": "eastus",
            "sku": {
                "name": "Standard_RAGRS",
                "tier": "Standard"
            },
            "kind": "StorageV2",
            "properties": {
                "dnsEndpointType": "Standard",
                "defaultToOAuthAuthentication": false,
                "publicNetworkAccess": "Enabled",
                "allowCrossTenantReplication": false,
                "isSftpEnabled": false,
                "minimumTlsVersion": "TLS1_2",
                "allowBlobPublicAccess": false,
                "allowSharedKeyAccess": true,
                "largeFileSharesState": "Enabled",
                "isHnsEnabled": true,
                "networkAcls": {
                    "bypass": "AzureServices",
                    "virtualNetworkRules": [],
                    "ipRules": [],
                    "defaultAction": "Allow"
                },
                "supportsHttpsTrafficOnly": true,
                "encryption": {
                    "requireInfrastructureEncryption": false,
                    "services": {
                        "file": {
                            "keyType": "Account",
                            "enabled": true
                        },
                        "blob": {
                            "keyType": "Account",
                            "enabled": true
                        }
                    },
                    "keySource": "Microsoft.Storage"
                },
                "accessTier": "Hot"
            }
        },
        {
            "type": "Microsoft.EventGrid/systemTopics",
            "apiVersion": "2025-04-01-preview",
            "name": "[parameters('systemTopics_adlsteam4_8f3a44cb_2e47_44d2_a114_61b950d455f8_name')]",
            "location": "eastus",
            "dependsOn": [
                "[resourceId('Microsoft.Storage/storageAccounts', parameters('storageAccounts_adlsteam4_name'))]"
            ],
            "properties": {
                "source": "[resourceId('Microsoft.Storage/storageAccounts', parameters('storageAccounts_adlsteam4_name'))]",
                "topicType": "microsoft.storage.storageaccounts"
            }
        },
        {
            "type": "Microsoft.EventGrid/systemTopics",
            "apiVersion": "2025-04-01-preview",
            "name": "[parameters('systemTopics_adlsteam5_fe470dd9_7427_4839_8414_3d3e32d45b57_name')]",
            "location": "southindia",
            "dependsOn": [
                "[resourceId('Microsoft.Storage/storageAccounts', parameters('storageAccounts_adlsteam5_name'))]"
            ],
            "properties": {
                "source": "[resourceId('Microsoft.Storage/storageAccounts', parameters('storageAccounts_adlsteam5_name'))]",
                "topicType": "microsoft.storage.storageaccounts"
            }
        },
        {
            "type": "Microsoft.EventGrid/systemTopics/eventSubscriptions",
            "apiVersion": "2025-04-01-preview",
            "name": "[concat(parameters('systemTopics_adlsteam4_8f3a44cb_2e47_44d2_a114_61b950d455f8_name'), '/aee15949-b4d9-24da-d411-7572b12858fd')]",
            "dependsOn": [
                "[resourceId('Microsoft.EventGrid/systemTopics', parameters('systemTopics_adlsteam4_8f3a44cb_2e47_44d2_a114_61b950d455f8_name'))]"
            ],
            "properties": {
                "destination": {
                    "properties": {
                        "maxEventsPerBatch": 1,
                        "preferredBatchSizeInKilobytes": 64
                    },
                    "endpointType": "WebHook"
                },
                "filter": {
                    "subjectBeginsWith": "/blobServices/default/containers/raw/blobs/",
                    "includedEventTypes": [
                        "Microsoft.Storage.BlobCreated"
                    ],
                    "advancedFilters": [
                        {
                            "values": [
                                "CopyBlob",
                                "PutBlob",
                                "PutBlockList",
                                "FlushWithClose",
                                "DeleteBlob",
                                "CreateFile",
                                "DeleteFile"
                            ],
                            "operatorType": "StringIn",
                            "key": "data.api"
                        },
                        {
                            "value": 0,
                            "operatorType": "NumberGreaterThan",
                            "key": "data.contentLength"
                        }
                    ]
                },
                "eventDeliverySchema": "EventGridSchema",
                "retryPolicy": {
                    "maxDeliveryAttempts": 30,
                    "eventTimeToLiveInMinutes": 1440
                }
            }
        },
        {
            "type": "Microsoft.EventGrid/systemTopics/eventSubscriptions",
            "apiVersion": "2025-04-01-preview",
            "name": "[concat(parameters('systemTopics_adlsteam5_fe470dd9_7427_4839_8414_3d3e32d45b57_name'), '/b3dfc875-a5c5-97ba-8ea8-dc55d245f1fb')]",
            "dependsOn": [
                "[resourceId('Microsoft.EventGrid/systemTopics', parameters('systemTopics_adlsteam5_fe470dd9_7427_4839_8414_3d3e32d45b57_name'))]"
            ],
            "properties": {
                "destination": {
                    "properties": {
                        "maxEventsPerBatch": 1,
                        "preferredBatchSizeInKilobytes": 64
                    },
                    "endpointType": "WebHook"
                },
                "filter": {
                    "subjectBeginsWith": "/blobServices/default/containers/source/blobs/",
                    "includedEventTypes": [
                        "Microsoft.Storage.BlobCreated",
                        "Microsoft.Storage.BlobDeleted"
                    ],
                    "advancedFilters": [
                        {
                            "values": [
                                "CopyBlob",
                                "PutBlob",
                                "PutBlockList",
                                "FlushWithClose",
                                "DeleteBlob",
                                "CreateFile",
                                "DeleteFile"
                            ],
                            "operatorType": "StringIn",
                            "key": "data.api"
                        },
                        {
                            "value": 0,
                            "operatorType": "NumberGreaterThan",
                            "key": "data.contentLength"
                        }
                    ]
                },
                "eventDeliverySchema": "EventGridSchema",
                "retryPolicy": {
                    "maxDeliveryAttempts": 30,
                    "eventTimeToLiveInMinutes": 1440
                }
            }
        },
        {
            "type": "Microsoft.Storage/storageAccounts/blobServices",
            "apiVersion": "2025-01-01",
            "name": "[concat(parameters('storageAccounts_abssyndicate_name'), '/default')]",
            "dependsOn": [
                "[resourceId('Microsoft.Storage/storageAccounts', parameters('storageAccounts_abssyndicate_name'))]"
            ],
            "sku": {
                "name": "Standard_LRS",
                "tier": "Standard"
            },
            "properties": {
                "containerDeleteRetentionPolicy": {
                    "enabled": true,
                    "days": 7
                },
                "cors": {
                    "corsRules": []
                },
                "deleteRetentionPolicy": {
                    "allowPermanentDelete": false,
                    "enabled": true,
                    "days": 7
                }
            }
        },
        {
            "type": "Microsoft.Storage/storageAccounts/blobServices",
            "apiVersion": "2025-01-01",
            "name": "[concat(parameters('storageAccounts_absteam5_name'), '/default')]",
            "dependsOn": [
                "[resourceId('Microsoft.Storage/storageAccounts', parameters('storageAccounts_absteam5_name'))]"
            ],
            "sku": {
                "name": "Standard_LRS",
                "tier": "Standard"
            },
            "properties": {
                "containerDeleteRetentionPolicy": {
                    "enabled": true,
                    "days": 7
                },
                "cors": {
                    "corsRules": []
                },
                "deleteRetentionPolicy": {
                    "allowPermanentDelete": false,
                    "enabled": true,
                    "days": 7
                }
            }
        },
        {
            "type": "Microsoft.Storage/storageAccounts/blobServices",
            "apiVersion": "2025-01-01",
            "name": "[concat(parameters('storageAccounts_adlssyndicate_name'), '/default')]",
            "dependsOn": [
                "[resourceId('Microsoft.Storage/storageAccounts', parameters('storageAccounts_adlssyndicate_name'))]"
            ],
            "sku": {
                "name": "Standard_LRS",
                "tier": "Standard"
            },
            "properties": {
                "containerDeleteRetentionPolicy": {
                    "enabled": true,
                    "days": 7
                },
                "cors": {
                    "corsRules": []
                },
                "deleteRetentionPolicy": {
                    "allowPermanentDelete": false,
                    "enabled": true,
                    "days": 7
                }
            }
        },
        {
            "type": "Microsoft.Storage/storageAccounts/blobServices",
            "apiVersion": "2025-01-01",
            "name": "[concat(parameters('storageAccounts_adlsteam2_name'), '/default')]",
            "dependsOn": [
                "[resourceId('Microsoft.Storage/storageAccounts', parameters('storageAccounts_adlsteam2_name'))]"
            ],
            "sku": {
                "name": "Standard_LRS",
                "tier": "Standard"
            },
            "properties": {
                "containerDeleteRetentionPolicy": {
                    "enabled": false
                },
                "cors": {
                    "corsRules": []
                },
                "deleteRetentionPolicy": {
                    "allowPermanentDelete": false,
                    "enabled": false
                }
            }
        },
        {
            "type": "Microsoft.Storage/storageAccounts/blobServices",
            "apiVersion": "2025-01-01",
            "name": "[concat(parameters('storageAccounts_adlsteam3_name'), '/default')]",
            "dependsOn": [
                "[resourceId('Microsoft.Storage/storageAccounts', parameters('storageAccounts_adlsteam3_name'))]"
            ],
            "sku": {
                "name": "Standard_LRS",
                "tier": "Standard"
            },
            "properties": {
                "containerDeleteRetentionPolicy": {
                    "enabled": true,
                    "days": 7
                },
                "cors": {
                    "corsRules": []
                },
                "deleteRetentionPolicy": {
                    "allowPermanentDelete": false,
                    "enabled": true,
                    "days": 7
                }
            }
        },
        {
            "type": "Microsoft.Storage/storageAccounts/blobServices",
            "apiVersion": "2025-01-01",
            "name": "[concat(parameters('storageAccounts_adlsteam4_name'), '/default')]",
            "dependsOn": [
                "[resourceId('Microsoft.Storage/storageAccounts', parameters('storageAccounts_adlsteam4_name'))]"
            ],
            "sku": {
                "name": "Standard_LRS",
                "tier": "Standard"
            },
            "properties": {
                "containerDeleteRetentionPolicy": {
                    "enabled": true,
                    "days": 7
                },
                "cors": {
                    "corsRules": []
                },
                "deleteRetentionPolicy": {
                    "allowPermanentDelete": false,
                    "enabled": true,
                    "days": 7
                }
            }
        },
        {
            "type": "Microsoft.Storage/storageAccounts/blobServices",
            "apiVersion": "2025-01-01",
            "name": "[concat(parameters('storageAccounts_adlsteam5_name'), '/default')]",
            "dependsOn": [
                "[resourceId('Microsoft.Storage/storageAccounts', parameters('storageAccounts_adlsteam5_name'))]"
            ],
            "sku": {
                "name": "Standard_LRS",
                "tier": "Standard"
            },
            "properties": {
                "containerDeleteRetentionPolicy": {
                    "enabled": true,
                    "days": 7
                },
                "cors": {
                    "corsRules": []
                },
                "deleteRetentionPolicy": {
                    "allowPermanentDelete": false,
                    "enabled": true,
                    "days": 7
                }
            }
        },
        {
            "type": "Microsoft.Storage/storageAccounts/blobServices",
            "apiVersion": "2025-01-01",
            "name": "[concat(parameters('storageAccounts_adlsteam6_name'), '/default')]",
            "dependsOn": [
                "[resourceId('Microsoft.Storage/storageAccounts', parameters('storageAccounts_adlsteam6_name'))]"
            ],
            "sku": {
                "name": "Standard_RAGRS",
                "tier": "Standard"
            },
            "properties": {
                "containerDeleteRetentionPolicy": {
                    "enabled": true,
                    "days": 7
                },
                "cors": {
                    "corsRules": []
                },
                "deleteRetentionPolicy": {
                    "allowPermanentDelete": false,
                    "enabled": true,
                    "days": 7
                }
            }
        },
        {
            "type": "Microsoft.Storage/storageAccounts/fileServices",
            "apiVersion": "2025-01-01",
            "name": "[concat(parameters('storageAccounts_abssyndicate_name'), '/default')]",
            "dependsOn": [
                "[resourceId('Microsoft.Storage/storageAccounts', parameters('storageAccounts_abssyndicate_name'))]"
            ],
            "sku": {
                "name": "Standard_LRS",
                "tier": "Standard"
            },
            "properties": {
                "protocolSettings": {
                    "smb": {}
                },
                "cors": {
                    "corsRules": []
                },
                "shareDeleteRetentionPolicy": {
                    "enabled": true,
                    "days": 7
                }
            }
        },
        {
            "type": "Microsoft.Storage/storageAccounts/fileServices",
            "apiVersion": "2025-01-01",
            "name": "[concat(parameters('storageAccounts_absteam5_name'), '/default')]",
            "dependsOn": [
                "[resourceId('Microsoft.Storage/storageAccounts', parameters('storageAccounts_absteam5_name'))]"
            ],
            "sku": {
                "name": "Standard_LRS",
                "tier": "Standard"
            },
            "properties": {
                "protocolSettings": {
                    "smb": {}
                },
                "cors": {
                    "corsRules": []
                },
                "shareDeleteRetentionPolicy": {
                    "enabled": true,
                    "days": 7
                }
            }
        },
        {
            "type": "Microsoft.Storage/storageAccounts/fileServices",
            "apiVersion": "2025-01-01",
            "name": "[concat(parameters('storageAccounts_adlssyndicate_name'), '/default')]",
            "dependsOn": [
                "[resourceId('Microsoft.Storage/storageAccounts', parameters('storageAccounts_adlssyndicate_name'))]"
            ],
            "sku": {
                "name": "Standard_LRS",
                "tier": "Standard"
            },
            "properties": {
                "protocolSettings": {
                    "smb": {}
                },
                "cors": {
                    "corsRules": []
                },
                "shareDeleteRetentionPolicy": {
                    "enabled": true,
                    "days": 7
                }
            }
        },
        {
            "type": "Microsoft.Storage/storageAccounts/fileServices",
            "apiVersion": "2025-01-01",
            "name": "[concat(parameters('storageAccounts_adlsteam2_name'), '/default')]",
            "dependsOn": [
                "[resourceId('Microsoft.Storage/storageAccounts', parameters('storageAccounts_adlsteam2_name'))]"
            ],
            "sku": {
                "name": "Standard_LRS",
                "tier": "Standard"
            },
            "properties": {
                "protocolSettings": {
                    "smb": {}
                },
                "cors": {
                    "corsRules": []
                },
                "shareDeleteRetentionPolicy": {
                    "enabled": true,
                    "days": 7
                }
            }
        },
        {
            "type": "Microsoft.Storage/storageAccounts/fileServices",
            "apiVersion": "2025-01-01",
            "name": "[concat(parameters('storageAccounts_adlsteam3_name'), '/default')]",
            "dependsOn": [
                "[resourceId('Microsoft.Storage/storageAccounts', parameters('storageAccounts_adlsteam3_name'))]"
            ],
            "sku": {
                "name": "Standard_LRS",
                "tier": "Standard"
            },
            "properties": {
                "protocolSettings": {
                    "smb": {}
                },
                "cors": {
                    "corsRules": []
                },
                "shareDeleteRetentionPolicy": {
                    "enabled": true,
                    "days": 7
                }
            }
        },
        {
            "type": "Microsoft.Storage/storageAccounts/fileServices",
            "apiVersion": "2025-01-01",
            "name": "[concat(parameters('storageAccounts_adlsteam4_name'), '/default')]",
            "dependsOn": [
                "[resourceId('Microsoft.Storage/storageAccounts', parameters('storageAccounts_adlsteam4_name'))]"
            ],
            "sku": {
                "name": "Standard_LRS",
                "tier": "Standard"
            },
            "properties": {
                "protocolSettings": {
                    "smb": {}
                },
                "cors": {
                    "corsRules": []
                },
                "shareDeleteRetentionPolicy": {
                    "enabled": true,
                    "days": 7
                }
            }
        },
        {
            "type": "Microsoft.Storage/storageAccounts/fileServices",
            "apiVersion": "2025-01-01",
            "name": "[concat(parameters('storageAccounts_adlsteam5_name'), '/default')]",
            "dependsOn": [
                "[resourceId('Microsoft.Storage/storageAccounts', parameters('storageAccounts_adlsteam5_name'))]"
            ],
            "sku": {
                "name": "Standard_LRS",
                "tier": "Standard"
            },
            "properties": {
                "protocolSettings": {
                    "smb": {}
                },
                "cors": {
                    "corsRules": []
                },
                "shareDeleteRetentionPolicy": {
                    "enabled": true,
                    "days": 7
                }
            }
        },
        {
            "type": "Microsoft.Storage/storageAccounts/fileServices",
            "apiVersion": "2025-01-01",
            "name": "[concat(parameters('storageAccounts_adlsteam6_name'), '/default')]",
            "dependsOn": [
                "[resourceId('Microsoft.Storage/storageAccounts', parameters('storageAccounts_adlsteam6_name'))]"
            ],
            "sku": {
                "name": "Standard_RAGRS",
                "tier": "Standard"
            },
            "properties": {
                "protocolSettings": {
                    "smb": {}
                },
                "cors": {
                    "corsRules": []
                },
                "shareDeleteRetentionPolicy": {
                    "enabled": true,
                    "days": 7
                }
            }
        },
        {
            "type": "Microsoft.Storage/storageAccounts/queueServices",
            "apiVersion": "2025-01-01",
            "name": "[concat(parameters('storageAccounts_abssyndicate_name'), '/default')]",
            "dependsOn": [
                "[resourceId('Microsoft.Storage/storageAccounts', parameters('storageAccounts_abssyndicate_name'))]"
            ],
            "properties": {
                "cors": {
                    "corsRules": []
                }
            }
        },
        {
            "type": "Microsoft.Storage/storageAccounts/queueServices",
            "apiVersion": "2025-01-01",
            "name": "[concat(parameters('storageAccounts_absteam5_name'), '/default')]",
            "dependsOn": [
                "[resourceId('Microsoft.Storage/storageAccounts', parameters('storageAccounts_absteam5_name'))]"
            ],
            "properties": {
                "cors": {
                    "corsRules": []
                }
            }
        },
        {
            "type": "Microsoft.Storage/storageAccounts/queueServices",
            "apiVersion": "2025-01-01",
            "name": "[concat(parameters('storageAccounts_adlssyndicate_name'), '/default')]",
            "dependsOn": [
                "[resourceId('Microsoft.Storage/storageAccounts', parameters('storageAccounts_adlssyndicate_name'))]"
            ],
            "properties": {
                "cors": {
                    "corsRules": []
                }
            }
        },
        {
            "type": "Microsoft.Storage/storageAccounts/queueServices",
            "apiVersion": "2025-01-01",
            "name": "[concat(parameters('storageAccounts_adlsteam2_name'), '/default')]",
            "dependsOn": [
                "[resourceId('Microsoft.Storage/storageAccounts', parameters('storageAccounts_adlsteam2_name'))]"
            ],
            "properties": {
                "cors": {
                    "corsRules": []
                }
            }
        },
        {
            "type": "Microsoft.Storage/storageAccounts/queueServices",
            "apiVersion": "2025-01-01",
            "name": "[concat(parameters('storageAccounts_adlsteam3_name'), '/default')]",
            "dependsOn": [
                "[resourceId('Microsoft.Storage/storageAccounts', parameters('storageAccounts_adlsteam3_name'))]"
            ],
            "properties": {
                "cors": {
                    "corsRules": []
                }
            }
        },
        {
            "type": "Microsoft.Storage/storageAccounts/queueServices",
            "apiVersion": "2025-01-01",
            "name": "[concat(parameters('storageAccounts_adlsteam4_name'), '/default')]",
            "dependsOn": [
                "[resourceId('Microsoft.Storage/storageAccounts', parameters('storageAccounts_adlsteam4_name'))]"
            ],
            "properties": {
                "cors": {
                    "corsRules": []
                }
            }
        },
        {
            "type": "Microsoft.Storage/storageAccounts/queueServices",
            "apiVersion": "2025-01-01",
            "name": "[concat(parameters('storageAccounts_adlsteam5_name'), '/default')]",
            "dependsOn": [
                "[resourceId('Microsoft.Storage/storageAccounts', parameters('storageAccounts_adlsteam5_name'))]"
            ],
            "properties": {
                "cors": {
                    "corsRules": []
                }
            }
        },
        {
            "type": "Microsoft.Storage/storageAccounts/queueServices",
            "apiVersion": "2025-01-01",
            "name": "[concat(parameters('storageAccounts_adlsteam6_name'), '/default')]",
            "dependsOn": [
                "[resourceId('Microsoft.Storage/storageAccounts', parameters('storageAccounts_adlsteam6_name'))]"
            ],
            "properties": {
                "cors": {
                    "corsRules": []
                }
            }
        },
        {
            "type": "Microsoft.Storage/storageAccounts/tableServices",
            "apiVersion": "2025-01-01",
            "name": "[concat(parameters('storageAccounts_abssyndicate_name'), '/default')]",
            "dependsOn": [
                "[resourceId('Microsoft.Storage/storageAccounts', parameters('storageAccounts_abssyndicate_name'))]"
            ],
            "properties": {
                "cors": {
                    "corsRules": []
                }
            }
        },
        {
            "type": "Microsoft.Storage/storageAccounts/tableServices",
            "apiVersion": "2025-01-01",
            "name": "[concat(parameters('storageAccounts_absteam5_name'), '/default')]",
            "dependsOn": [
                "[resourceId('Microsoft.Storage/storageAccounts', parameters('storageAccounts_absteam5_name'))]"
            ],
            "properties": {
                "cors": {
                    "corsRules": []
                }
            }
        },
        {
            "type": "Microsoft.Storage/storageAccounts/tableServices",
            "apiVersion": "2025-01-01",
            "name": "[concat(parameters('storageAccounts_adlssyndicate_name'), '/default')]",
            "dependsOn": [
                "[resourceId('Microsoft.Storage/storageAccounts', parameters('storageAccounts_adlssyndicate_name'))]"
            ],
            "properties": {
                "cors": {
                    "corsRules": []
                }
            }
        },
        {
            "type": "Microsoft.Storage/storageAccounts/tableServices",
            "apiVersion": "2025-01-01",
            "name": "[concat(parameters('storageAccounts_adlsteam2_name'), '/default')]",
            "dependsOn": [
                "[resourceId('Microsoft.Storage/storageAccounts', parameters('storageAccounts_adlsteam2_name'))]"
            ],
            "properties": {
                "cors": {
                    "corsRules": []
                }
            }
        },
        {
            "type": "Microsoft.Storage/storageAccounts/tableServices",
            "apiVersion": "2025-01-01",
            "name": "[concat(parameters('storageAccounts_adlsteam3_name'), '/default')]",
            "dependsOn": [
                "[resourceId('Microsoft.Storage/storageAccounts', parameters('storageAccounts_adlsteam3_name'))]"
            ],
            "properties": {
                "cors": {
                    "corsRules": []
                }
            }
        },
        {
            "type": "Microsoft.Storage/storageAccounts/tableServices",
            "apiVersion": "2025-01-01",
            "name": "[concat(parameters('storageAccounts_adlsteam4_name'), '/default')]",
            "dependsOn": [
                "[resourceId('Microsoft.Storage/storageAccounts', parameters('storageAccounts_adlsteam4_name'))]"
            ],
            "properties": {
                "cors": {
                    "corsRules": []
                }
            }
        },
        {
            "type": "Microsoft.Storage/storageAccounts/tableServices",
            "apiVersion": "2025-01-01",
            "name": "[concat(parameters('storageAccounts_adlsteam5_name'), '/default')]",
            "dependsOn": [
                "[resourceId('Microsoft.Storage/storageAccounts', parameters('storageAccounts_adlsteam5_name'))]"
            ],
            "properties": {
                "cors": {
                    "corsRules": []
                }
            }
        },
        {
            "type": "Microsoft.Storage/storageAccounts/tableServices",
            "apiVersion": "2025-01-01",
            "name": "[concat(parameters('storageAccounts_adlsteam6_name'), '/default')]",
            "dependsOn": [
                "[resourceId('Microsoft.Storage/storageAccounts', parameters('storageAccounts_adlsteam6_name'))]"
            ],
            "properties": {
                "cors": {
                    "corsRules": []
                }
            }
        },
        {
            "type": "Microsoft.Storage/storageAccounts/blobServices/containers",
            "apiVersion": "2025-01-01",
            "name": "[concat(parameters('storageAccounts_adlssyndicate_name'), '/default/bronze')]",
            "dependsOn": [
                "[resourceId('Microsoft.Storage/storageAccounts/blobServices', parameters('storageAccounts_adlssyndicate_name'), 'default')]",
                "[resourceId('Microsoft.Storage/storageAccounts', parameters('storageAccounts_adlssyndicate_name'))]"
            ],
            "properties": {
                "immutableStorageWithVersioning": {
                    "enabled": false
                },
                "defaultEncryptionScope": "$account-encryption-key",
                "denyEncryptionScopeOverride": false,
                "publicAccess": "None"
            }
        },
        {
            "type": "Microsoft.Storage/storageAccounts/blobServices/containers",
            "apiVersion": "2025-01-01",
            "name": "[concat(parameters('storageAccounts_adlsteam3_name'), '/default/bronze')]",
            "dependsOn": [
                "[resourceId('Microsoft.Storage/storageAccounts/blobServices', parameters('storageAccounts_adlsteam3_name'), 'default')]",
                "[resourceId('Microsoft.Storage/storageAccounts', parameters('storageAccounts_adlsteam3_name'))]"
            ],
            "properties": {
                "immutableStorageWithVersioning": {
                    "enabled": false
                },
                "defaultEncryptionScope": "$account-encryption-key",
                "denyEncryptionScopeOverride": false,
                "publicAccess": "None"
            }
        },
        {
            "type": "Microsoft.Storage/storageAccounts/blobServices/containers",
            "apiVersion": "2025-01-01",
            "name": "[concat(parameters('storageAccounts_adlsteam4_name'), '/default/bronze')]",
            "dependsOn": [
                "[resourceId('Microsoft.Storage/storageAccounts/blobServices', parameters('storageAccounts_adlsteam4_name'), 'default')]",
                "[resourceId('Microsoft.Storage/storageAccounts', parameters('storageAccounts_adlsteam4_name'))]"
            ],
            "properties": {
                "immutableStorageWithVersioning": {
                    "enabled": false
                },
                "defaultEncryptionScope": "$account-encryption-key",
                "denyEncryptionScopeOverride": false,
                "publicAccess": "None"
            }
        },
        {
            "type": "Microsoft.Storage/storageAccounts/blobServices/containers",
            "apiVersion": "2025-01-01",
            "name": "[concat(parameters('storageAccounts_adlsteam6_name'), '/default/bronze')]",
            "dependsOn": [
                "[resourceId('Microsoft.Storage/storageAccounts/blobServices', parameters('storageAccounts_adlsteam6_name'), 'default')]",
                "[resourceId('Microsoft.Storage/storageAccounts', parameters('storageAccounts_adlsteam6_name'))]"
            ],
            "properties": {
                "immutableStorageWithVersioning": {
                    "enabled": false
                },
                "defaultEncryptionScope": "$account-encryption-key",
                "denyEncryptionScopeOverride": false,
                "publicAccess": "None"
            }
        },
        {
            "type": "Microsoft.Storage/storageAccounts/blobServices/containers",
            "apiVersion": "2025-01-01",
            "name": "[concat(parameters('storageAccounts_adlssyndicate_name'), '/default/gold')]",
            "dependsOn": [
                "[resourceId('Microsoft.Storage/storageAccounts/blobServices', parameters('storageAccounts_adlssyndicate_name'), 'default')]",
                "[resourceId('Microsoft.Storage/storageAccounts', parameters('storageAccounts_adlssyndicate_name'))]"
            ],
            "properties": {
                "immutableStorageWithVersioning": {
                    "enabled": false
                },
                "defaultEncryptionScope": "$account-encryption-key",
                "denyEncryptionScopeOverride": false,
                "publicAccess": "None"
            }
        },
        {
            "type": "Microsoft.Storage/storageAccounts/blobServices/containers",
            "apiVersion": "2025-01-01",
            "name": "[concat(parameters('storageAccounts_adlsteam6_name'), '/default/gold')]",
            "dependsOn": [
                "[resourceId('Microsoft.Storage/storageAccounts/blobServices', parameters('storageAccounts_adlsteam6_name'), 'default')]",
                "[resourceId('Microsoft.Storage/storageAccounts', parameters('storageAccounts_adlsteam6_name'))]"
            ],
            "properties": {
                "immutableStorageWithVersioning": {
                    "enabled": false
                },
                "defaultEncryptionScope": "$account-encryption-key",
                "denyEncryptionScopeOverride": false,
                "publicAccess": "None"
            }
        },
        {
            "type": "Microsoft.Storage/storageAccounts/blobServices/containers",
            "apiVersion": "2025-01-01",
            "name": "[concat(parameters('storageAccounts_adlsteam2_name'), '/default/gold-data')]",
            "dependsOn": [
                "[resourceId('Microsoft.Storage/storageAccounts/blobServices', parameters('storageAccounts_adlsteam2_name'), 'default')]",
                "[resourceId('Microsoft.Storage/storageAccounts', parameters('storageAccounts_adlsteam2_name'))]"
            ],
            "properties": {
                "immutableStorageWithVersioning": {
                    "enabled": false
                },
                "defaultEncryptionScope": "$account-encryption-key",
                "denyEncryptionScopeOverride": false,
                "publicAccess": "None"
            }
        },
        {
            "type": "Microsoft.Storage/storageAccounts/blobServices/containers",
            "apiVersion": "2025-01-01",
            "name": "[concat(parameters('storageAccounts_abssyndicate_name'), '/default/raw')]",
            "dependsOn": [
                "[resourceId('Microsoft.Storage/storageAccounts/blobServices', parameters('storageAccounts_abssyndicate_name'), 'default')]",
                "[resourceId('Microsoft.Storage/storageAccounts', parameters('storageAccounts_abssyndicate_name'))]"
            ],
            "properties": {
                "immutableStorageWithVersioning": {
                    "enabled": false
                },
                "defaultEncryptionScope": "$account-encryption-key",
                "denyEncryptionScopeOverride": false,
                "publicAccess": "None"
            }
        },
        {
            "type": "Microsoft.Storage/storageAccounts/blobServices/containers",
            "apiVersion": "2025-01-01",
            "name": "[concat(parameters('storageAccounts_absteam5_name'), '/default/raw')]",
            "dependsOn": [
                "[resourceId('Microsoft.Storage/storageAccounts/blobServices', parameters('storageAccounts_absteam5_name'), 'default')]",
                "[resourceId('Microsoft.Storage/storageAccounts', parameters('storageAccounts_absteam5_name'))]"
            ],
            "properties": {
                "immutableStorageWithVersioning": {
                    "enabled": false
                },
                "defaultEncryptionScope": "$account-encryption-key",
                "denyEncryptionScopeOverride": false,
                "publicAccess": "None"
            }
        },
        {
            "type": "Microsoft.Storage/storageAccounts/blobServices/containers",
            "apiVersion": "2025-01-01",
            "name": "[concat(parameters('storageAccounts_adlsteam4_name'), '/default/raw')]",
            "dependsOn": [
                "[resourceId('Microsoft.Storage/storageAccounts/blobServices', parameters('storageAccounts_adlsteam4_name'), 'default')]",
                "[resourceId('Microsoft.Storage/storageAccounts', parameters('storageAccounts_adlsteam4_name'))]"
            ],
            "properties": {
                "immutableStorageWithVersioning": {
                    "enabled": false
                },
                "defaultEncryptionScope": "$account-encryption-key",
                "denyEncryptionScopeOverride": false,
                "publicAccess": "None"
            }
        },
        {
            "type": "Microsoft.Storage/storageAccounts/blobServices/containers",
            "apiVersion": "2025-01-01",
            "name": "[concat(parameters('storageAccounts_adlsteam6_name'), '/default/raw')]",
            "dependsOn": [
                "[resourceId('Microsoft.Storage/storageAccounts/blobServices', parameters('storageAccounts_adlsteam6_name'), 'default')]",
                "[resourceId('Microsoft.Storage/storageAccounts', parameters('storageAccounts_adlsteam6_name'))]"
            ],
            "properties": {
                "immutableStorageWithVersioning": {
                    "enabled": false
                },
                "defaultEncryptionScope": "$account-encryption-key",
                "denyEncryptionScopeOverride": false,
                "publicAccess": "None"
            }
        },
        {
            "type": "Microsoft.Storage/storageAccounts/blobServices/containers",
            "apiVersion": "2025-01-01",
            "name": "[concat(parameters('storageAccounts_adlsteam2_name'), '/default/raw-data')]",
            "dependsOn": [
                "[resourceId('Microsoft.Storage/storageAccounts/blobServices', parameters('storageAccounts_adlsteam2_name'), 'default')]",
                "[resourceId('Microsoft.Storage/storageAccounts', parameters('storageAccounts_adlsteam2_name'))]"
            ],
            "properties": {
                "immutableStorageWithVersioning": {
                    "enabled": false
                },
                "defaultEncryptionScope": "$account-encryption-key",
                "denyEncryptionScopeOverride": false,
                "publicAccess": "None"
            }
        },
        {
            "type": "Microsoft.Storage/storageAccounts/blobServices/containers",
            "apiVersion": "2025-01-01",
            "name": "[concat(parameters('storageAccounts_adlssyndicate_name'), '/default/silver')]",
            "dependsOn": [
                "[resourceId('Microsoft.Storage/storageAccounts/blobServices', parameters('storageAccounts_adlssyndicate_name'), 'default')]",
                "[resourceId('Microsoft.Storage/storageAccounts', parameters('storageAccounts_adlssyndicate_name'))]"
            ],
            "properties": {
                "immutableStorageWithVersioning": {
                    "enabled": false
                },
                "defaultEncryptionScope": "$account-encryption-key",
                "denyEncryptionScopeOverride": false,
                "publicAccess": "None"
            }
        },
        {
            "type": "Microsoft.Storage/storageAccounts/blobServices/containers",
            "apiVersion": "2025-01-01",
            "name": "[concat(parameters('storageAccounts_adlsteam2_name'), '/default/silver')]",
            "dependsOn": [
                "[resourceId('Microsoft.Storage/storageAccounts/blobServices', parameters('storageAccounts_adlsteam2_name'), 'default')]",
                "[resourceId('Microsoft.Storage/storageAccounts', parameters('storageAccounts_adlsteam2_name'))]"
            ],
            "properties": {
                "immutableStorageWithVersioning": {
                    "enabled": false
                },
                "defaultEncryptionScope": "$account-encryption-key",
                "denyEncryptionScopeOverride": false,
                "publicAccess": "None"
            }
        },
        {
            "type": "Microsoft.Storage/storageAccounts/blobServices/containers",
            "apiVersion": "2025-01-01",
            "name": "[concat(parameters('storageAccounts_adlsteam3_name'), '/default/silver')]",
            "dependsOn": [
                "[resourceId('Microsoft.Storage/storageAccounts/blobServices', parameters('storageAccounts_adlsteam3_name'), 'default')]",
                "[resourceId('Microsoft.Storage/storageAccounts', parameters('storageAccounts_adlsteam3_name'))]"
            ],
            "properties": {
                "immutableStorageWithVersioning": {
                    "enabled": false
                },
                "defaultEncryptionScope": "$account-encryption-key",
                "denyEncryptionScopeOverride": false,
                "publicAccess": "None"
            }
        },
        {
            "type": "Microsoft.Storage/storageAccounts/blobServices/containers",
            "apiVersion": "2025-01-01",
            "name": "[concat(parameters('storageAccounts_adlsteam4_name'), '/default/silver')]",
            "dependsOn": [
                "[resourceId('Microsoft.Storage/storageAccounts/blobServices', parameters('storageAccounts_adlsteam4_name'), 'default')]",
                "[resourceId('Microsoft.Storage/storageAccounts', parameters('storageAccounts_adlsteam4_name'))]"
            ],
            "properties": {
                "immutableStorageWithVersioning": {
                    "enabled": false
                },
                "defaultEncryptionScope": "$account-encryption-key",
                "denyEncryptionScopeOverride": false,
                "publicAccess": "None"
            }
        },
        {
            "type": "Microsoft.Storage/storageAccounts/blobServices/containers",
            "apiVersion": "2025-01-01",
            "name": "[concat(parameters('storageAccounts_adlsteam6_name'), '/default/silver')]",
            "dependsOn": [
                "[resourceId('Microsoft.Storage/storageAccounts/blobServices', parameters('storageAccounts_adlsteam6_name'), 'default')]",
                "[resourceId('Microsoft.Storage/storageAccounts', parameters('storageAccounts_adlsteam6_name'))]"
            ],
            "properties": {
                "immutableStorageWithVersioning": {
                    "enabled": false
                },
                "defaultEncryptionScope": "$account-encryption-key",
                "denyEncryptionScopeOverride": false,
                "publicAccess": "None"
            }
        },
        {
            "type": "Microsoft.Storage/storageAccounts/blobServices/containers",
            "apiVersion": "2025-01-01",
            "name": "[concat(parameters('storageAccounts_adlsteam5_name'), '/default/source')]",
            "dependsOn": [
                "[resourceId('Microsoft.Storage/storageAccounts/blobServices', parameters('storageAccounts_adlsteam5_name'), 'default')]",
                "[resourceId('Microsoft.Storage/storageAccounts', parameters('storageAccounts_adlsteam5_name'))]"
            ],
            "properties": {
                "immutableStorageWithVersioning": {
                    "enabled": false
                },
                "defaultEncryptionScope": "$account-encryption-key",
                "denyEncryptionScopeOverride": false,
                "publicAccess": "None"
            }
        }
    ]
}